<?xml version="1.0" encoding="UTF-8"?>
<metadata modelVersion="1.1.0">
  <groupId>com.accenture.splunk</groupId>
  <artifactId>urlmonitor</artifactId>
  <version>0.0.1-SNAPSHOT</version>
  <versioning>
    <snapshot>
      <timestamp>20160320.002849</timestamp>
      <buildNumber>7</buildNumber>
    </snapshot>
    <lastUpdated>20160320002849</lastUpdated>
    <snapshotVersions>
      <snapshotVersion>
        <extension>jar</extension>
        <value>0.0.1-20160320.002849-7</value>
        <updated>20160320002849</updated>
      </snapshotVersion>
      <snapshotVersion>
        <extension>pom</extension>
        <value>0.0.1-20160320.002849-7</value>
        <updated>20160320002849</updated>
      </snapshotVersion>
    </snapshotVersions>
  </versioning>
</metadata>
